0,VI,Semestral,17,4,16.94099079811256,French,11.332126139995461
98,VII,Free,18,5,39.06417712024473,Asian,10.429259959053653
14,IV,Trimestral,16,2,32.82654382121793,Italian,7.9008918807783
72,V,Free,17,3,7.556762164991376,Mexican,14.689806469978173
11,VIII,Semestral,12,1,34.20068369067669,Indian,12.51384063783114
81,VII,Free,27,3,21.51587429598476,French,5.141044125803192
85,IV,Semestral,21,5,29.970787225017745,French,7.534726624956967
21,VII,Prepaid,10,5,26.25805639563678,French,8.989187910382848
68,II,Yearly,14,2,41.04552212183895,Indian,11.130075681811803
19,VIII,Trimestral,13,1,11.593979232172991,French,11.358517681824518
77,IV,Yearly,14,3,33.04164267226024,Mexican,9.484584557806512
51,IV,Monthly,14,2,17.792414850771785,Mexican,12.056244845887619
20,I,Prepaid,7,2,39.5800735820813,Japanese,10.777406453155711
25,IV,Semestral,16,4,28.3893019129308,Italian,10.466920465058008
17,II,Yearly,15,4,21.54663640261965,Asian,10.533444807581462
68,VIII,Monthly,12,6,30.33194206360719,Indian,6.962708154155102
93,II,Monthly,17,1,31.94561398088944,Italian,10.023477796013411
15,V,Monthly,17,3,33.63048779122437,Indian,8.417357402261427
88,II,Trimestral,8,2,32.75583138258618,Asian,7.814033061262711
92,VI,Yearly,16,4,34.291471010571996,Indian,14.544331901700636
67,VI,Semestral,12,1,32.29460528410536,Indian,13.293919403574586
20,VIII,Trimestral,16,5,23.73914856958156,Indian,9.808425816610601
87,VI,Monthly,16,3,23.876175652419835,French,10.524098782737383
15,VII,Prepaid,20,4,50.30775908575342,Asian,16.040363393071
23,VI,Yearly,15,5,21.669988482770595,Asian,7.959309364224485
21,VIII,Free,11,3,15.151231770258873,Asian,14.169647620626954
58,VI,Trimestral,9,2,25.216389518325826,Asian,11.305609685258029
52,IV,Trimestral,16,5,27.961345278968746,Italian,16.717587286741747
26,II,Prepaid,12,1,23.83515103653389,Japanese,9.049928814528888
38,VI,Trimestral,15,3,16.888251539435092,Italian,6.864186625250669
62,IV,Prepaid,13,2,21.27718634145733,Italian,5.511280874859769
93,VII,Trimestral,12,3,22.094817489383132,Mexican,8.683096761966405
55,V,Prepaid,17,1,22.58691067657479,Italian,14.481645372531904
4,VIII,Monthly,19,3,23.695294712513608,Italian,8.881185421624643
99,III,Semestral,16,3,17.50061701820078,Mexican,9.070654538198333
44,III,Free,10,1,24.36922134799992,Japanese,10.90871871488821
38,VII,Free,10,2,41.54732310863157,Indian,9.516483254584983
89,V,Monthly,13,5,27.073732508513963,Italian,11.378649889534136
96,III,Prepaid,18,5,33.43907270607355,Italian,8.967272655194748
69,V,Trimestral,20,3,13.995820673246053,Italian,8.761646652547727
1,I,Monthly,9,4,31.697178769310682,Italian,10.67034091153724
57,II,Semestral,11,4,37.87757685737732,Italian,11.739197809264137
66,II,Yearly,15,1,20.543778377867383,Mexican,11.169572534298574
58,VIII,Semestral,17,4,32.2776924329081,Indian,4.7350672346122735
13,IV,Free,14,2,39.073458539151545,Asian,12.163077735453575
82,V,Monthly,18,2,38.59359411170512,Indian,6.3588978702996
71,VIII,Monthly,18,4,19.847431996268252,Japanese,10.553085884598008
31,VII,Trimestral,21,4,18.698369792062053,Italian,10.425008860768788
5,VI,Free,12,5,38.58523169926828,Italian,6.970254203676149
54,III,Trimestral,9,2,18.856397775278005,Indian,3.7687636685958417
8,I,Trimestral,16,1,1.7765646148590726,Asian,10.864401490503491
65,I,Free,11,3,20.486106042256672,Japanese,7.174432167623694
18,VI,Semestral,16,3,22.61049971858704,Japanese,6.329517914108697
9,I,Monthly,18,2,23.57072151719939,Japanese,5.997385432746027
37,II,Trimestral,10,3,35.47760299580146,French,12.439960032112088
11,II,Semestral,18,5,25.25173256442982,Asian,7.55169006311467
44,III,Free,11,2,28.73728331154592,French,5.616512287928169
25,VIII,Prepaid,15,3,13.602660117091785,French,9.278629193775505
64,V,Monthly,13,5,37.525503245163634,French,11.335975450251896
51,VIII,Yearly,15,3,30.61348597042202,Indian,8.30801875204537
30,VII,Trimestral,10,2,35.79917991343367,Asian,16.019945147853413
44,I,Prepaid,19,6,17.93217678892546,French,12.80764936744244
43,II,Yearly,16,1,16.061425966819392,Mexican,12.990376498351015
17,III,Trimestral,13,1,25.799732829788617,Indian,6.715495109301894
35,IV,Trimestral,17,2,27.70474619995645,Italian,9.58562390333246
57,VII,Free,23,7,28.531085737745265,Italian,9.159637163530583
0,VIII,Semestral,17,5,43.32357474908076,Asian,7.339899466741501
6,IV,Semestral,9,5,20.34000652749142,Italian,12.285022078826826
22,VIII,Trimestral,19,3,22.760887458405254,Japanese,8.571786699979757
66,VII,Monthly,15,3,42.32358982833978,French,10.309116806269886
55,VIII,Monthly,18,5,23.44069219326365,Italian,6.768654332029735
26,VIII,Trimestral,15,4,37.1483619069821,Japanese,3.88811031352913
13,II,Free,15,3,24.811750980591555,Japanese,9.245098550464782
33,I,Free,12,2,27.08409535738023,Italian,6.634449450525983
62,VIII,Monthly,9,1,19.82212344848057,Japanese,14.198846401965884
79,VII,Free,18,1,7.405939768819451,French,4.27757221963676
82,VII,Prepaid,17,5,39.854308965199934,Indian,11.616594082054167
48,VI,Semestral,9,1,21.902674307117213,Indian,9.442383232913091
56,VII,Prepaid,21,1,12.48199626264374,French,11.734922421761151
13,VII,Free,8,6,13.584745485614357,Japanese,14.755215015695509
84,VII,Free,16,2,17.607028543223674,French,10.649795468850627
84,VIII,Monthly,15,2,22.56821007992485,Asian,3.715995358420953
17,VIII,Semestral,15,1,32.08920837536819,Italian,11.018020286035982
27,VII,Yearly,19,4,28.821790682175475,Asian,5.459974688921054
12,V,Trimestral,18,4,36.00085116680358,Italian,4.626999223791756
18,VIII,Prepaid,14,4,27.7507451682323,Mexican,8.301470402891807
88,II,Monthly,13,1,28.104057903264444,Indian,8.877773861943249
27,IV,Prepaid,14,4,28.48005526638507,Indian,8.360516996839808
8,VIII,Yearly,11,3,29.546724158783952,Mexican,12.64300032025023
86,II,Semestral,13,4,30.383297892925842,Mexican,9.625927447903376
64,II,Trimestral,23,5,23.654754285062662,Japanese,11.464912356121049
38,VI,Semestral,17,4,17.95775548248156,Indian,9.130078818821179
66,IV,Trimestral,19,3,21.628655390066545,Japanese,6.222309211664135
79,III,Trimestral,18,4,17.929539615212725,Mexican,14.481884008246883
50,IV,Trimestral,13,2,16.4528533432955,Italian,5.561632430665897
23,VII,Monthly,18,2,29.474184352481103,Indian,16.302592090281184
92,VII,Yearly,13,2,13.667701790076874,Indian,16.79138821701687
74,VII,Trimestral,15,4,12.375284651612535,Japanese,10.344063660512669
68,IV,Trimestral,19,4,15.121220999634506,Asian,12.309014916445811
51,II,Yearly,14,2,22.601805566981152,Mexican,13.589173650507425
69,IV,Prepaid,11,1,32.32575272502675,Japanese,7.0005105721005165
97,VII,Yearly,12,3,15.940763979605618,Indian,8.7003505172363
81,VI,Yearly,7,3,21.90468927962501,Asian,8.935467858707968
13,II,Yearly,18,4,30.100017902188835,Mexican,10.67405302871921
34,V,Free,18,1,42.78008093259244,Japanese,11.389186491558796
48,V,Trimestral,17,5,23.15143772660144,French,10.780513829257089
67,V,Yearly,17,4,28.54365775235839,Mexican,6.09177584437809
65,VII,Monthly,12,4,43.73395856866894,Japanese,8.966908254417929
94,VII,Monthly,15,2,17.334342822020236,Mexican,11.140365538564762
89,VI,Trimestral,11,3,11.702256453455746,French,5.2894039180910655
18,VII,Prepaid,21,1,30.049293337114026,Asian,10.186501349830827
79,VII,Trimestral,14,3,26.784621630960242,Asian,7.270393182752603
70,VIII,Prepaid,14,3,18.65493409586985,Asian,5.016425639035762
50,V,Semestral,9,3,16.471788832667198,Italian,9.94659723772664
48,V,Free,13,2,23.914542973593566,Mexican,16.384130694912805
64,I,Trimestral,12,1,25.13487778901087,French,4.526048182277192
88,VIII,Semestral,10,4,40.886645679888936,Asian,7.905544447976313
59,IV,Free,15,4,30.605789998751813,Indian,13.483013270939072
43,VIII,Yearly,15,4,25.80009086485638,Mexican,7.7059405682733
38,VIII,Free,15,5,28.19624705643307,French,8.878231198501542
20,II,Free,17,4,20.650703963271308,Mexican,7.824086169291675
14,VII,Monthly,13,3,41.36615206616283,Asian,8.968456645067896
38,II,Monthly,20,2,33.58583727664603,Italian,7.090143425018329
74,VI,Monthly,18,6,23.886377342508165,Mexican,9.50109348039125
22,IV,Semestral,19,4,12.231392329795504,French,3.258264826518549
11,VIII,Prepaid,19,4,25.399093155006568,Indian,3.440915984069407
12,IV,Trimestral,23,3,10.50856012486589,Italian,5.441473180889681
59,VI,Semestral,10,3,23.214791028296666,Indian,9.195523736426015
77,III,Semestral,17,2,28.150817239517757,French,7.3400475984794635
13,V,Prepaid,14,2,32.46976510415995,French,11.690003758293058
23,III,Free,10,4,22.57853772300939,Asian,11.214709796861264
85,VIII,Yearly,14,3,21.98811156690819,Italian,14.276869666445982
92,IV,Trimestral,17,2,25.98841822450339,Mexican,14.121777842126455
88,VI,Monthly,11,1,22.215728003457052,Italian,6.389429528500436
82,VI,Monthly,20,2,8.524086787567562,French,18.560980215903044
15,VIII,Semestral,16,2,35.73422603006124,Indian,14.326988633305337
43,VII,Free,14,3,45.03222331062327,French,9.764518444680137
25,II,Monthly,11,2,3.9989312912659223,Italian,11.422321058876392
72,VII,Prepaid,24,2,19.52752367938892,Asian,12.488350827254132
1,VIII,Trimestral,14,1,25.340823083390728,Asian,8.2963277496449
41,I,Monthly,11,1,12.64851548340177,Asian,11.964107753148847
89,I,Monthly,16,3,13.451249386467772,Japanese,9.176600153791464
53,V,Yearly,9,1,29.366937010281283,Asian,9.454602807202845
35,IV,Monthly,16,2,20.117721592515746,Asian,9.802036601781644
37,V,Free,21,3,42.42342788032901,Mexican,11.842509387377941
13,IV,Semestral,17,5,21.447069395921023,French,8.402472137905702
44,I,Semestral,19,2,7.286323114348477,Italian,8.509588051102613
42,VI,Yearly,16,4,24.274150813518162,Asian,15.902618513719354
4,III,Trimestral,20,3,51.63112141475173,Mexican,13.967027832432809
81,VI,Monthly,18,3,41.19313371667185,Mexican,9.051789734359375
52,II,Trimestral,17,6,18.674701667831293,Mexican,11.311493560358546
0,I,Semestral,10,1,27.50861211916263,Asian,8.505332006743334
92,VI,Prepaid,21,5,15.22241257684872,Italian,5.116805049417319
34,VI,Yearly,22,1,22.743146703770638,French,5.1754057522721695
4,V,Trimestral,9,3,36.49484391837032,Mexican,1.7617708076991914
90,VII,Yearly,18,5,17.77040492683017,Asian,10.985250390809496
26,I,Semestral,13,3,14.81091852497902,Italian,13.943496387150304
72,VII,Prepaid,17,3,34.84072833358786,French,3.174271840440955
93,IV,Yearly,20,6,28.778933302812085,Mexican,5.978951493989674
88,VI,Monthly,14,2,29.30164677821133,Mexican,9.08080181185949
13,VIII,Monthly,11,3,19.78386979071623,Italian,8.420655332597553
74,I,Prepaid,15,6,35.31104184036418,Asian,10.667457751426713
23,II,Monthly,8,3,45.90902449252657,Mexican,14.726467572776421
49,VI,Prepaid,21,3,7.693033902214804,Italian,13.503329828452598
32,IV,Monthly,19,3,40.58255539915251,Indian,8.66782800536728
27,I,Free,12,4,42.035854315198506,Asian,8.22147297303879
78,V,Free,14,4,25.542040348587985,Mexican,8.307332678568272
20,II,Yearly,18,3,22.28242160252024,Asian,11.119478368200973
86,VI,Free,15,4,20.17130448596478,Japanese,4.636449492893444
25,II,Yearly,20,1,6.439878664802993,Indian,6.970464695851652
85,VI,Monthly,19,2,36.45028176516338,Mexican,12.951482369484836
34,VIII,Free,14,3,24.22045209872445,Mexican,9.251348448593083
70,VIII,Semestral,10,2,42.45634063813328,Italian,8.805023896770786
95,VII,Prepaid,14,4,26.17901129590058,Asian,8.559236397564964
17,I,Free,20,5,19.178645376073813,Mexican,11.550309882066388
73,III,Semestral,12,2,17.788244546689562,Asian,10.167872664639905
22,VI,Yearly,12,1,17.496877823385162,Asian,16.7872231479628
60,III,Monthly,5,3,18.617544301512364,Italian,3.3701214393130527
93,VII,Trimestral,13,7,7.8132830204065655,Indian,6.776022375984859
58,II,Free,13,2,21.165038639661194,Asian,10.18184672787551
36,VI,Free,14,3,26.78516486343755,Mexican,10.566123486912561
84,VII,Trimestral,21,3,9.189933836080101,French,3.482539204733918
9,III,Trimestral,9,5,24.282988321007043,French,13.270425426228167
85,VIII,Free,17,3,27.028005599970673,Mexican,8.662007887597738
60,VI,Yearly,10,3,33.73160537613345,French,15.45892380860463
77,IV,Prepaid,15,4,23.792596782380592,Asian,6.182216835047349
72,VII,Yearly,13,3,35.79621074527781,Japanese,11.554832719844407
65,II,Semestral,8,4,23.962406006916105,Asian,5.541588200081881
6,VI,Prepaid,19,2,26.549150592470824,Asian,9.815315024608083
66,VIII,Free,19,3,18.97321441254606,Mexican,6.233393233676387
25,II,Monthly,12,2,18.181429401348982,Mexican,9.651618236016468
35,II,Semestral,18,3,17.686118628130618,Mexican,9.72070432208326
31,VI,Monthly,20,6,42.30284904695,Asian,7.934240713717495
2,VIII,Semestral,14,6,33.295654199764385,Italian,8.41920927212174
2,IV,Free,22,5,16.994629602782442,Italian,12.691755414165268
45,V,Free,11,3,22.34577537446723,Italian,9.099133365725223
73,VII,Trimestral,11,3,17.712204433576098,Japanese,11.566007362605339
56,III,Semestral,21,4,26.00932486262849,Japanese,10.852440712412893
24,I,Prepaid,13,3,26.019897840282205,French,12.57513312423881
98,III,Monthly,11,3,23.918780457828596,Italian,9.639073115983575
47,VIII,Monthly,16,2,23.29069463785685,Indian,10.052067826760823
34,VI,Free,17,1,15.094809195831488,Japanese,11.077055800176362
47,III,Yearly,13,4,14.041213333568885,Asian,7.871757725442203
94,IV,Semestral,14,1,26.746663895930666,Mexican,3.607344210888666
13,V,Trimestral,14,3,39.47569993419357,Italian,8.36447656111756
27,III,Prepaid,18,3,32.41750188579697,Japanese,5.243281858233396
73,III,Free,16,1,12.755670586135464,Asian,7.693300012089923
99,III,Prepaid,12,2,27.191706847350524,Indian,9.108442215371092
66,VIII,Monthly,14,4,29.512059724527106,French,4.047170318261576
24,VI,Prepaid,12,3,35.55094979911755,Italian,8.975020626265351
9,VIII,Yearly,20,2,1.2455163162689011,Japanese,13.32416744417311
2,II,Free,17,2,17.74488555308637,Asian,10.280328636318577
30,III,Semestral,14,2,15.747691333884571,French,8.14462816823854
68,V,Monthly,17,5,19.967938573293214,Indian,7.405445630627258
27,IV,Free,19,2,42.86882086789859,French,8.316508020474336
72,I,Monthly,11,1,20.80054114165197,Asian,14.164278330635181
75,IV,Free,14,1,21.22020065034783,Asian,7.833524624364323
20,IV,Trimestral,18,3,7.718172276009604,French,11.593180951032018
96,VI,Semestral,20,2,31.78964833235167,French,13.347298049161811
88,II,Semestral,26,3,15.416498399579986,Asian,5.239167048376349
42,VI,Yearly,11,5,32.86609684910215,Japanese,6.733563989509331
16,I,Semestral,16,2,25.881686015854203,French,11.917037154178608
46,V,Prepaid,17,2,33.115187087432865,Indian,11.326033459690912
52,III,Semestral,10,4,18.102917584959926,Asian,11.601265694088088
45,VI,Monthly,15,8,31.428148206954894,Indian,11.908587041849945
9,VIII,Trimestral,19,1,23.757077110469506,Indian,8.119205151901857
35,VII,Monthly,15,3,38.1271622535752,French,8.41178813062491
5,III,Yearly,22,3,27.40104050794572,French,8.673381085914576
39,VI,Yearly,11,1,27.65015347605066,French,12.269751392772697
78,I,Monthly,15,3,20.618105408222952,Japanese,9.649750157779803
4,VI,Semestral,7,2,19.446035362178257,Indian,13.4998265572694
88,VI,Yearly,13,4,48.542913736462395,Indian,5.041549713475906
71,I,Trimestral,19,4,10.358052709436066,Asian,11.977088477948653
74,VIII,Yearly,11,4,12.27500242993993,Japanese,14.212726107628878
90,III,Monthly,7,1,24.786935358913375,Indian,8.985276907973255
45,IV,Monthly,14,2,15.474849124163896,Italian,14.242363017312979
68,VII,Trimestral,16,1,30.897493630650263,Asian,13.41056245858732
84,IV,Monthly,31,4,26.718444843829808,Italian,9.468222328221776
63,II,Free,13,2,22.03868976205359,Mexican,16.866370462843676
84,II,Semestral,9,3,20.670996243555287,Indian,16.77818278075527
59,V,Monthly,14,1,23.081221977440045,Indian,9.388145563483954
93,II,Prepaid,18,4,35.81336960223452,Japanese,15.612112616467687
11,I,Monthly,19,4,29.93947947057741,Japanese,11.899994123297915
51,VII,Free,20,2,1.972097402791281,French,4.533731574469224
32,III,Trimestral,10,5,33.54402071903692,French,10.368749198400918
72,VIII,Yearly,14,4,20.004147089524395,French,8.664832364238594
83,I,Free,17,3,24.84063728201506,Japanese,8.352783344599759
1,IV,Yearly,12,1,24.50098664343998,Japanese,5.607612468090523
96,I,Semestral,14,2,18.04474209275225,Mexican,11.116652750976641
7,III,Trimestral,11,4,36.373058468615355,French,13.689960362097858
82,VI,Monthly,15,5,36.66693452887862,Indian,8.95372829022265
28,VIII,Yearly,10,4,32.887716813079926,Italian,10.33818371011488
23,VIII,Free,10,3,37.58575168563412,Mexican,9.453458669824032
4,V,Semestral,13,2,19.449044669974892,Japanese,16.43973271534158
47,VIII,Prepaid,18,2,24.15227859916101,Mexican,7.34028769664109
87,VI,Semestral,11,2,24.225229123019428,Asian,9.844405924758394
7,IV,Monthly,17,1,21.904966359278305,Mexican,13.785758268224487
98,VIII,Monthly,13,5,22.890994215885705,Asian,13.56922185372742
20,V,Monthly,15,2,9.063818133143911,Italian,1.9403913295468804
73,VIII,Prepaid,11,1,37.761788840706295,Italian,6.673005755555728
44,II,Semestral,10,2,13.608754008131195,Italian,11.206776763475602
81,VI,Semestral,13,4,28.31871490281491,Indian,6.870898402474994
65,II,Monthly,13,3,29.37180098750794,Japanese,5.322596942513247
53,IV,Prepaid,20,1,13.1131803324182,Indian,15.93988163259823
25,VII,Trimestral,9,2,32.46615835745604,Japanese,13.066830128921836
24,I,Free,19,3,23.832396692013898,Asian,9.820860477399771
77,VIII,Free,12,3,33.38689895040992,Japanese,10.277678562834257
34,IV,Monthly,21,5,24.543980387389254,Italian,12.265625202920575
0,VIII,Free,13,5,24.401582770566147,Asian,6.9282723938957975
19,II,Prepaid,21,2,16.031566432335545,French,13.137451401603105
29,VII,Semestral,12,2,16.06975609603457,Indian,13.671389621907268
95,II,Trimestral,17,1,35.50308745153498,Asian,12.397639159345255
54,IV,Semestral,11,3,20.73215197371184,Asian,9.616455335841827
70,I,Semestral,11,3,32.052113972267435,Italian,12.68093341211817
84,II,Monthly,16,2,28.807764322527255,Mexican,8.448577920606064
70,III,Prepaid,17,4,13.317638187885061,Asian,13.400195629020361
96,I,Prepaid,16,3,38.14436420443241,Mexican,2.845430176962105
88,VIII,Prepaid,12,1,38.79411417065199,Indian,10.109336982665496
63,I,Prepaid,14,1,44.99419362228501,French,11.105028477030663
98,V,Free,14,6,19.579649159449293,Indian,9.667436378301735
47,VI,Trimestral,12,2,32.297704818882195,Japanese,4.112453482130322
2,V,Semestral,9,3,14.922712094966677,Indian,8.904316929509118
34,III,Trimestral,13,1,42.03402285258507,Indian,8.096025013730115
51,VII,Yearly,15,3,7.827371852345273,Asian,0.9033932555483002
89,V,Trimestral,15,3,38.838670059499336,Asian,12.612691964532772
56,III,Prepaid,17,4,8.907779896020852,Italian,9.394544469267554
97,VII,Monthly,16,1,36.06510399730966,French,8.15752818190673
4,V,Free,13,1,36.95272692243491,Asian,11.10887160159001
61,VII,Yearly,16,4,34.235108322042265,French,17.89769771464152
50,I,Semestral,11,2,32.99425866618094,French,8.418476373058628
11,IV,Prepaid,13,6,12.255522220610516,French,14.826715060929837
47,VIII,Yearly,24,2,39.56221006785442,Mexican,14.385966304656868
48,VIII,Trimestral,8,3,10.81566022190622,Asian,7.127670858736048
68,II,Free,11,6,58.110461457122696,Italian,14.231079325418094
17,V,Prepaid,21,3,13.727651691002086,French,8.471354247751194
46,VIII,Yearly,20,5,20.65876661051124,Indian,11.056387868239517
32,V,Semestral,14,2,20.21435599836108,Indian,12.07156844381686
36,III,Trimestral,11,2,17.89453212889755,Asian,5.72643263737352
30,VII,Yearly,19,4,49.33931910089278,Japanese,16.263564786988766
96,IV,Semestral,15,5,36.19760562047175,Indian,5.6601266539600354
36,IV,Semestral,10,2,17.11071336263688,Indian,10.81038775795705
19,II,Semestral,18,4,25.895104854116248,Asian,9.458277161328418
28,III,Semestral,12,2,24.355097300703783,Japanese,8.07584810000916
64,VIII,Trimestral,20,1,17.470860478231337,Mexican,11.101439710843012
81,V,Prepaid,11,4,15.603630809561183,Mexican,9.380272055919681
17,III,Free,23,4,43.14350416124299,Japanese,14.552820853906251
89,IV,Monthly,9,2,26.177133470424067,French,15.26535029074632
64,VII,Prepaid,16,2,23.527180946203018,French,11.260839980103846
36,VI,Monthly,15,5,18.04985611614763,French,12.244657191369072
37,VI,Trimestral,13,2,48.54938758206705,Italian,7.099712792703256
13,IV,Yearly,18,2,13.822590809785817,Mexican,8.90143002104291
25,II,Yearly,14,5,15.8292043387951,Indian,10.42277788649016
35,V,Trimestral,15,4,9.271950442128023,Indian,10.20030704661995
22,IV,Trimestral,10,4,10.64853346875588,Mexican,12.257470327429713
5,V,Trimestral,12,5,22.36606994027533,Mexican,12.938924171553342
72,II,Prepaid,14,5,9.92050809271291,Japanese,9.278586514976345
18,VIII,Trimestral,10,3,33.81427015959797,French,12.032781005589495
56,VII,Trimestral,16,3,23.387717576769305,Indian,9.786606636804898
92,III,Monthly,19,1,14.248054736477165,Italian,7.86026861881196
14,VIII,Free,14,5,21.937674130986508,Mexican,10.818985364607748
92,I,Prepaid,20,3,24.741871236094212,Italian,10.397178547684447
54,II,Semestral,15,3,26.326755767027592,Japanese,6.575707310740738
71,VIII,Monthly,20,2,19.38757496932515,Italian,13.334101303269605
80,VIII,Monthly,16,5,43.448818126592506,Italian,6.938589796386779
4,II,Prepaid,18,3,23.54285238680729,French,14.22350162449833
9,II,Free,15,3,15.143360994328141,French,10.268623411393447
22,I,Yearly,13,3,26.325084634977426,Mexican,7.878140380664732
28,VIII,Free,9,3,33.76392023538206,Mexican,11.662746545851407
68,VIII,Prepaid,22,1,29.836345347706107,Indian,7.794718217802515
6,V,Trimestral,20,3,26.97673875526044,French,7.349770060227103
97,VI,Trimestral,25,3,34.84816916009204,French,5.7175069131528256
22,III,Free,17,3,35.03381049440844,French,10.316804125789128
77,III,Prepaid,20,2,26.647663026466713,Italian,4.879598409220432
73,VII,Monthly,9,4,23.21678857861478,Indian,4.43831410853732
77,III,Semestral,11,4,18.84890491020412,Italian,9.23926139890569
92,III,Trimestral,10,3,34.63511939279036,Japanese,7.622464346467426
95,IV,Yearly,16,3,14.39401997894006,Indian,4.490153078077657
76,IV,Free,14,3,32.8935749969122,French,11.880411036964471
73,III,Monthly,17,2,13.722477453725507,Mexican,13.917608096257979
73,II,Semestral,25,4,14.294655411548398,Indian,12.513029183787063
12,VIII,Trimestral,18,4,26.934959559114308,Asian,13.814268449489537
96,IV,Prepaid,13,3,34.76376554230033,Mexican,15.085051514598067
27,VI,Monthly,18,1,25.19090667962497,Mexican,10.21855778635349
46,VIII,Monthly,20,3,35.89834365222153,Italian,9.20789560166332
74,V,Semestral,21,4,42.89058480396377,Japanese,4.996647175635545
65,III,Prepaid,23,6,30.767468004859282,Italian,7.272419569727525
71,II,Prepaid,21,6,28.357200958668923,Italian,13.118467620274089
1,IV,Yearly,17,1,41.39113156732339,Italian,8.480422617957798
11,VII,Semestral,17,4,34.6726544926929,Italian,7.5686300500988235
6,I,Prepaid,24,3,39.08057721696018,Italian,8.555275963835642
84,VI,Monthly,20,4,23.323270999613406,French,10.5900215670876
57,V,Monthly,17,4,1.0252237376345938,Japanese,6.679793966347333
85,I,Trimestral,18,2,31.338243320469136,Asian,8.61521563059079
42,III,Yearly,13,3,29.537636756425275,Japanese,11.413198324601986
6,VII,Yearly,13,3,1.4719936865544803,Asian,9.730498572289681
96,III,Prepaid,9,2,23.11902417665619,Mexican,6.022599122557476
96,VIII,Prepaid,8,1,19.639137120484634,Asian,9.784466358682106
44,II,Monthly,17,2,18.2313520402093,Japanese,8.766632162680034
67,VI,Free,16,4,33.10819992217777,Italian,11.420045151840032
75,III,Free,14,3,18.988262889528656,Mexican,12.169715302221627
23,II,Semestral,21,1,30.175359302400782,Mexican,9.633135828902235
35,IV,Yearly,17,2,27.484081545941862,Indian,5.1120240425065555
80,VII,Semestral,13,4,22.95860754966454,Italian,6.275847083125827
10,V,Prepaid,17,3,46.665985294583635,Mexican,14.545982531830322
18,I,Monthly,12,4,19.288818540622465,Asian,14.42521688716084
47,V,Monthly,12,2,22.202237233477724,Asian,11.55136476363592
97,VIII,Free,22,2,35.32656920032214,Japanese,10.806474037311126
99,VIII,Free,15,2,26.948766930081018,Asian,4.65107610197651
73,III,Yearly,12,3,26.66663991740708,French,10.35586686908601
41,II,Monthly,16,2,23.23510669262635,French,8.637726819590926
67,VI,Semestral,13,1,26.97049350072697,French,10.96592898129589
11,III,Free,16,3,26.859413611579125,French,6.641861744254426
88,VIII,Trimestral,11,1,12.470061625880797,Italian,10.38707395967349
27,VI,Semestral,21,1,17.229758562475723,Indian,11.309912551279721
1,IV,Monthly,19,3,21.84701950628448,Indian,7.230937085680508
88,II,Trimestral,12,3,32.03666058698443,French,6.50297653313969
59,VI,Yearly,9,5,40.26737471467828,Japanese,2.3772736063576687
50,IV,Monthly,17,5,33.920310857652254,Italian,11.497002996049074
66,III,Yearly,19,2,35.35449278542886,Asian,4.894067656015661
50,IV,Prepaid,14,1,23.758060108118134,Asian,9.567622679263584
62,VII,Monthly,12,2,25.009411099521188,French,9.29687984852202
70,IV,Monthly,12,2,35.00515318412033,Indian,9.310332894259451
61,VI,Prepaid,8,3,33.01193322218553,Indian,12.578197983054585
40,VI,Free,21,2,42.10827920521089,Indian,12.765412513978383
72,VI,Free,25,3,30.890843647985196,Japanese,12.982240091446585
65,VIII,Trimestral,7,3,28.372314459587653,Indian,11.995647201118983
78,V,Monthly,11,3,40.24002395036371,Japanese,13.003672523696261
55,IV,Free,13,6,35.73712040125324,Italian,12.026529546328314
60,IV,Trimestral,19,6,29.460634821293098,Asian,6.0643483907057725
17,II,Trimestral,19,3,18.47529125693175,Mexican,5.843195352577898
34,V,Free,17,2,4.5436636031206845,Asian,17.823421191002762
64,I,Yearly,10,2,26.85744516189255,French,9.727402779106317
8,I,Trimestral,11,3,29.933040265812114,Indian,6.540078522728235
48,IV,Semestral,13,3,19.11959280072569,Mexican,9.038796922049158
54,VI,Yearly,12,3,31.26001867018296,Italian,9.184742486697882
8,V,Free,14,3,21.78614934927079,Indian,3.653542469715479
68,I,Free,16,4,28.16545248287256,Indian,6.322525271318295
0,V,Semestral,20,1,15.544982137164627,Indian,8.697498521633186
37,VI,Yearly,19,2,39.58139327342582,Italian,8.951219085619503
90,II,Free,13,1,26.802387638172863,Mexican,8.675981292036987
69,I,Monthly,14,3,26.529349357413302,Mexican,5.6592268046050025
62,VIII,Free,15,2,23.31797779309823,Mexican,7.8872275907205065
75,III,Prepaid,10,3,19.998992748691236,Japanese,10.173884778203963
37,VI,Yearly,10,2,31.97853530814229,Asian,7.558911764276111
45,I,Yearly,11,3,13.385771917764323,Italian,10.033785982945544
91,VI,Prepaid,9,3,12.888345186161395,Asian,10.051985479438677
21,VIII,Semestral,10,2,16.97343201365865,French,7.0067150990353335
52,VIII,Prepaid,14,3,40.56451036552753,Asian,7.166113258669696
60,IV,Prepaid,19,1,27.39847704381894,Indian,8.35391653387521
80,IV,Semestral,10,2,35.252269416711485,Japanese,11.422810150155554
82,II,Free,14,2,26.152322222667667,Italian,13.875471336378162
27,V,Semestral,13,1,-0.942473492639305,Indian,12.798062364077678
18,III,Monthly,11,1,37.6975700558034,Indian,14.28458625535578
44,II,Trimestral,19,2,31.61593478025666,Mexican,9.009548185893104
64,IV,Yearly,16,4,33.60178387508444,Asian,11.2522576019633
5,VIII,Yearly,19,4,18.52856370847649,Indian,12.846842241352297
16,III,Semestral,10,2,29.40412428556729,Japanese,9.321289633215674
77,I,Free,13,4,12.20602890344618,Italian,8.758256242830058
24,II,Prepaid,27,2,40.44222567385145,Asian,8.244738280916454
56,VII,Yearly,14,1,19.935280410918587,Italian,2.379188419693686
22,VII,Free,16,2,30.974668282346727,Japanese,8.65188820355355
7,VI,Free,16,2,22.56018604670345,Indian,13.773332604155959
26,V,Monthly,14,3,34.7045214684414,Asian,11.86352487428926
34,III,Trimestral,15,3,32.44567960354182,Japanese,15.456226949302442
62,III,Prepaid,14,3,14.124052513971295,Indian,8.959793736843444
42,V,Trimestral,11,3,27.035720429597024,French,10.364109115216792
69,III,Semestral,11,3,7.911725997435159,Asian,7.460199007260487
46,IV,Free,19,2,14.372626138762257,Italian,8.092202664322139
88,VIII,Prepaid,20,7,20.19611878321782,French,1.3351151544359183
54,V,Trimestral,16,1,27.598137099947028,Indian,12.650277971709947
93,IV,Trimestral,13,3,32.15033194834727,Asian,5.734965990648919
71,VII,Yearly,20,2,31.752675282979485,Japanese,8.960789672029009
42,III,Semestral,15,3,24.2579677710267,Japanese,10.233228521018292
69,VIII,Semestral,13,4,24.380651498491346,French,11.398695575122792
97,III,Semestral,16,2,36.64704337766224,Japanese,15.524524858875218
18,IV,Trimestral,12,3,28.161050614302933,French,14.859387876680298
44,V,Yearly,16,6,22.97781298909607,Mexican,6.693751589611052
2,VIII,Monthly,18,3,24.37129231255934,Asian,7.111944179269157
92,III,Prepaid,13,2,23.310335825725065,Asian,8.626446832612649
81,IV,Trimestral,6,3,9.384037925766176,French,9.537377772918965
70,I,Yearly,9,3,23.05787775855992,Mexican,11.365120982102754
11,III,Monthly,18,4,16.651324100640448,Indian,8.162646260868375
23,III,Monthly,12,4,12.845873004472947,Japanese,6.745841669793776
24,VII,Trimestral,17,6,15.986439489730193,Indian,14.150409769465968
56,VII,Semestral,15,4,18.65259072011182,Japanese,12.656441354474467
80,III,Trimestral,12,4,29.97713313783692,Indian,5.414322735644254
86,VI,Prepaid,13,6,16.436514151115283,Mexican,7.951881936967483
73,IV,Semestral,22,3,31.70723383767414,Asian,4.4725545672550915
49,II,Trimestral,9,1,28.34233772529028,Indian,5.24712396409667
71,VII,Monthly,8,2,20.853909116962235,Asian,13.811975942866786
66,III,Semestral,25,4,46.546247933215454,French,10.567778984587903
0,I,Yearly,13,1,39.8747875243835,French,7.2649258240624555
24,II,Monthly,16,2,26.83416685871333,Indian,7.6975624733881585
84,III,Trimestral,18,6,29.906649497471715,Asian,5.816220762937765
69,VII,Monthly,16,4,31.992466534617865,Asian,6.300927148733917
64,VII,Monthly,19,2,29.576432108641313,Japanese,3.2554376328395698
46,VII,Free,12,4,9.01135619659437,French,8.426965179292857
11,III,Yearly,9,3,14.19065292513215,Italian,9.009535702925671
21,VIII,Free,14,3,24.421161053696427,Italian,9.729705957890822
59,III,Free,16,4,19.729558995732486,Italian,8.87464502304072
25,II,Yearly,15,3,27.520954728636504,French,6.676553154023031
49,IV,Trimestral,19,1,10.323892810392532,Indian,11.434839047315386
73,IV,Semestral,18,5,37.64961181727324,Japanese,12.617160844061829
28,III,Yearly,11,8,38.624662983055494,Mexican,11.589596910513674
13,VI,Monthly,19,3,6.824177880218468,Japanese,16.619823058468093
0,II,Yearly,13,2,42.97134530417122,Indian,10.720329616979065
0,VIII,Prepaid,15,3,33.55968524062597,Indian,9.510982656253296
73,IV,Free,14,5,39.51481538932039,Japanese,14.98039168763764
56,I,Free,13,3,21.008307696079243,Mexican,6.400541519423948
70,VIII,Trimestral,23,1,23.16144672853925,Italian,9.43658902747108
62,VI,Trimestral,10,5,36.3211947601403,Indian,11.029659089951208
53,VII,Yearly,13,3,22.0391569161703,Indian,12.450971093925553
54,V,Monthly,13,3,16.495694296788933,Asian,4.857512553911559
8,VIII,Prepaid,20,4,24.150937178339603,French,6.193509004245223
41,I,Monthly,22,2,30.113947985798983,Mexican,11.592273269863204
24,VI,Semestral,14,5,26.723518880462887,Italian,11.81540928955563
10,VIII,Yearly,13,1,35.561287452601164,Asian,9.993805843752167
95,III,Free,12,2,22.274122943846933,Asian,4.1134392537863675
43,IV,Yearly,17,4,30.089568982307405,Italian,11.097530840284517
27,VIII,Prepaid,20,3,36.63894255703245,Mexican,12.361695661715945
29,I,Prepaid,15,3,22.348873669626887,Italian,11.076416777770234
54,I,Yearly,11,2,28.06247665706846,Italian,19.202037972640348
34,III,Prepaid,8,4,29.032868233160592,Mexican,7.249431891640441
4,IV,Trimestral,19,2,35.07147525939023,Indian,9.171643856958335
91,VI,Trimestral,16,4,28.47361142181947,Mexican,9.951049398380492
90,III,Free,19,1,37.593838411111236,Indian,9.838313393223599
18,III,Prepaid,17,5,15.285664053422979,Indian,7.650006886447194
34,I,Trimestral,24,2,20.36483607319859,French,9.265771733053473
41,III,Trimestral,13,3,10.014233583085304,Indian,13.267291948067065
59,II,Semestral,9,3,14.568991405971827,Italian,15.553274448588386
37,VII,Yearly,17,2,30.458609889018344,French,12.68502206431916
60,VII,Semestral,14,4,47.2220673349923,Indian,11.771355454291719
73,VI,Yearly,16,3,56.29023308154538,French,8.470141817037758
79,VIII,Yearly,14,2,29.531251038517283,Italian,9.373890096637489
71,IV,Monthly,10,2,8.47998298289173,Italian,9.010528986739997
13,I,Semestral,22,3,20.836594852161824,Asian,10.09629294308139
42,VII,Trimestral,21,1,27.31421201478055,Asian,16.85661060956487
96,IV,Free,14,5,28.69257512670243,French,9.975957869375442
52,VIII,Semestral,9,2,35.643277379691085,Japanese,8.386135063525153
16,IV,Semestral,15,2,27.282844899268078,Italian,14.116102539525322
80,VIII,Semestral,17,3,26.371206113567627,Japanese,8.246756767407431
87,VIII,Trimestral,12,1,16.10573893584533,Mexican,6.47175352880943
54,V,Monthly,14,3,22.97862293907703,Mexican,12.188647662185566
81,VII,Monthly,18,2,42.42645391149918,Italian,12.87185407288432
80,V,Trimestral,19,9,18.97883536516948,Mexican,8.911647698709912
76,VI,Yearly,17,3,19.814550920954776,Japanese,12.732265773101137
18,I,Yearly,17,1,19.940146053717427,Mexican,6.1963595763186206
22,III,Monthly,22,4,25.919339361736625,Italian,12.13516288819817
54,III,Trimestral,16,4,31.313876476030593,Italian,12.709159140548753
38,I,Yearly,20,2,25.15778237964896,Asian,11.780292608905732
98,VIII,Free,18,3,49.513495267548834,Japanese,11.611172043704588
64,V,Yearly,14,2,4.22621497250444,Asian,13.070744801302087
74,V,Yearly,22,3,42.90368024748017,Italian,10.543444039069572
5,III,Monthly,15,2,23.646492687992154,Asian,11.949338420185146
68,VII,Prepaid,15,5,45.41883854814614,Japanese,4.237386811198291
35,VI,Semestral,12,4,21.190652026451342,Asian,3.738806019282724
21,VI,Trimestral,16,1,32.09167748179135,French,10.275750964449413
31,II,Prepaid,17,2,30.22159523592955,Japanese,14.343017799428559
98,VIII,Trimestral,17,3,25.914462884550066,Italian,9.903138642339622
21,V,Yearly,13,2,21.35815854110559,Mexican,8.387103680088838
78,V,Free,18,4,30.95513682546934,Italian,7.1706444144061425
60,VI,Trimestral,20,2,27.134348578436317,Indian,7.357692377446507
17,V,Free,11,5,40.616842428928436,Mexican,4.953177640410679
47,IV,Semestral,17,4,28.80469138863899,Indian,12.86872627237147
1,VI,Prepaid,13,2,19.73803088584763,Indian,7.342402877856392
11,VIII,Yearly,13,3,32.483357910782544,Mexican,11.137148796508823
43,VI,Semestral,11,2,34.9298205441662,Mexican,9.6523926367706
77,III,Trimestral,17,6,29.562558237137658,French,13.509892194779695
18,VI,Semestral,13,4,16.22566322268432,Japanese,15.762216913160945
4,VII,Prepaid,17,1,26.849879080745318,Japanese,12.678019379830385
31,IV,Semestral,17,3,30.432240490178977,Mexican,11.542541932294599
81,V,Semestral,12,2,28.161264597600134,Italian,11.740448197629473
54,III,Trimestral,11,3,41.491875564965326,Indian,6.783124576692031
79,III,Free,18,4,22.219110197904243,Indian,8.572317841086166
38,IV,Free,16,7,26.28242945161892,Indian,12.412636019955027
98,III,Prepaid,21,1,42.44105553940484,French,9.444231741312194
62,III,Trimestral,14,7,19.38793592448033,French,10.665711201432742
38,V,Yearly,17,4,28.458689305255565,Indian,11.101300088492708
51,IV,Free,20,1,37.114768729597685,Indian,7.796558438867859
5,II,Trimestral,13,3,45.913815155862125,Italian,7.3042346252084265
78,II,Semestral,13,5,11.722184027307915,Indian,13.720863540803014
24,VII,Monthly,10,2,31.49350583438733,Indian,7.696091160849104
31,I,Monthly,10,4,21.230986501424567,Mexican,5.360546674389698
74,III,Yearly,15,4,27.744267518695803,Italian,6.895223088974877
73,II,Yearly,14,3,18.274830154340126,Mexican,14.563902567051812
23,I,Yearly,21,5,9.867575790283155,Asian,10.177670195867695
68,IV,Semestral,10,9,15.683778691195148,Mexican,10.825634567367446
62,II,Monthly,12,1,39.104199640719855,Asian,9.400250668204942
82,IV,Yearly,12,6,18.340059420468418,Asian,10.931588091926422
10,V,Prepaid,24,2,20.190999853677425,Asian,10.238831053646717
5,VIII,Prepaid,12,3,39.742119730646436,French,12.10189914701463
10,V,Yearly,14,3,29.971132775317407,Mexican,7.163189264025432
90,V,Monthly,12,2,32.668295307916814,Italian,15.019669493970861
53,VIII,Prepaid,12,2,30.995474435850213,Italian,9.047164775557942
81,III,Yearly,14,5,29.785076021574554,Asian,4.136216445313052
90,IV,Semestral,16,1,12.615176714890621,French,6.437558512828417
74,VIII,Free,6,1,45.34116695285104,Asian,7.579947568576674
73,VII,Prepaid,14,2,24.33129823105938,Japanese,6.529132606892414
17,VII,Free,15,4,30.017287006873943,Mexican,11.181047115825386
70,III,Free,9,4,43.7684758132566,French,8.790030564619059
97,VI,Monthly,20,3,26.449307416601496,Asian,14.219251866377668
62,V,Prepaid,17,3,33.15794773277865,Italian,4.977042677455952
79,IV,Free,12,3,16.901052014798914,Asian,11.237078992288252
17,II,Prepaid,20,2,43.154380168574605,Mexican,12.738608903674372
9,V,Prepaid,9,3,17.37850515737841,Asian,0.9718767454892259
22,VI,Prepaid,13,2,37.15965267622315,French,11.821258887882065
91,VI,Prepaid,11,1,24.925360286811465,Japanese,9.627264660503268
29,VI,Prepaid,14,5,29.311928658704332,French,8.701652855071396
48,I,Yearly,12,4,7.295698549483706,Italian,10.529234264922213
76,VII,Semestral,10,2,35.16810375104569,Asian,11.056852643501365
41,I,Trimestral,18,5,36.16484411902811,French,12.278954714485536
84,IV,Semestral,12,4,23.18324730187082,Asian,4.024543077121449
93,VIII,Trimestral,23,2,8.247452249264377,Mexican,8.57548837113942
20,VI,Monthly,18,4,27.414062885790074,Japanese,11.665631664267178
79,II,Yearly,15,1,21.61772581486476,French,10.324410732172074
60,I,Semestral,12,5,16.189182131181077,French,10.734805375828152
26,V,Monthly,19,2,15.852118018262521,Mexican,5.136151658457209
2,III,Trimestral,15,4,24.03354953676859,Italian,11.285544511267572
42,VIII,Semestral,10,4,20.919577087107996,Asian,9.24286054673727
48,III,Monthly,12,2,35.60783346375775,French,5.024086981460065
2,V,Yearly,20,2,21.160924906770113,Mexican,4.53043644213599
57,I,Semestral,21,2,24.841852253389693,French,11.13014795181978
37,II,Yearly,18,2,13.120405515799149,Italian,8.583896873616693
84,VII,Trimestral,16,1,27.64029129676412,Indian,13.981218893436406
41,III,Yearly,14,3,32.54466126688846,Mexican,7.604639340636657
68,VII,Free,9,6,23.799914468084545,Asian,13.228091085028673
15,VII,Yearly,18,1,29.429015923454017,French,7.745201643958628
98,VI,Semestral,11,2,32.707567647760236,Indian,7.452251977788652
11,I,Yearly,19,4,25.93148864633401,Mexican,11.841179046568904
28,I,Yearly,17,7,25.958472535502597,Italian,10.610729459666628
5,VII,Free,12,1,30.108379169530462,French,12.135767473506668
72,VI,Yearly,7,4,19.720003770227628,Italian,8.156415849486631
43,V,Monthly,16,3,20.297866599539784,Indian,14.841744600825033
60,VII,Monthly,21,5,28.974112761754608,Asian,9.285549191602108
96,III,Yearly,15,3,21.18609527100528,Italian,11.686647526344323
34,VIII,Free,18,5,39.58728478732526,Asian,11.48389168655777
28,VI,Trimestral,12,2,10.058496615334782,Asian,15.074693277943897
67,III,Free,22,3,27.632782353474052,Japanese,8.279065957121217
63,IV,Trimestral,10,2,32.13348170125958,Mexican,12.889852781679924
46,IV,Free,22,2,51.232047891653465,Indian,10.224167852512759
72,III,Prepaid,14,3,22.544366421061905,Mexican,11.59888056776841
29,IV,Free,20,2,39.322741926947856,Japanese,12.676242456622855
65,I,Prepaid,17,3,27.01024491456298,Indian,9.044373316952107
67,II,Monthly,18,2,23.817944038453465,Mexican,11.827710884511003
22,IV,Prepaid,10,2,31.244983372062144,French,9.580801065708801
46,VI,Trimestral,14,1,26.25196279965795,Mexican,8.098584138611674
21,VI,Prepaid,21,4,26.77915132330746,Mexican,14.553508099913309
77,III,Trimestral,23,4,48.32288491476215,Asian,9.762277745376512
84,VII,Yearly,18,2,32.91994937563658,Italian,8.022466613761868
20,V,Prepaid,15,4,30.489098319804455,Indian,8.351943351116416
20,II,Trimestral,18,2,32.22240104932154,Japanese,11.276483135349423
68,I,Semestral,9,3,32.715160576869444,Japanese,16.460138556887973
96,VI,Yearly,18,1,27.198397365599817,Mexican,9.754679142040152
45,VI,Yearly,15,1,29.49812961859319,Italian,11.969961498145016
6,III,Monthly,10,3,18.85052192116106,Italian,9.074037110670002
10,III,Trimestral,19,2,22.7384733904501,Indian,13.465883825793673
90,III,Trimestral,17,3,35.53363496097069,Asian,6.151760916194881
72,II,Monthly,10,7,22.210941403823526,French,8.895641364410926
16,VIII,Prepaid,13,3,19.660593275939302,Indian,6.676068196647346
45,V,Prepaid,16,1,32.23905959312518,Japanese,4.435753123928716
38,III,Prepaid,12,1,20.14234310091371,Asian,9.106374387342127
18,IV,Semestral,15,2,30.296170458992137,Asian,9.132253921594698
74,I,Semestral,13,1,36.38634589606219,Italian,8.597661422745212
26,II,Semestral,13,3,29.722067924451398,Asian,10.437780120684351
32,VI,Free,16,1,42.53139559524851,Japanese,4.775547756755785
3,IV,Trimestral,13,2,33.848117135775354,Asian,9.610709810675521
35,II,Yearly,17,5,41.46136370838437,Indian,5.245299272728216
46,VIII,Trimestral,8,3,7.342830884686165,Mexican,9.173929265350893
64,II,Free,19,4,9.678837180677684,Asian,11.316039329589874
63,I,Monthly,17,2,29.589757181231505,Indian,10.881645622931911
52,II,Prepaid,9,5,24.370682214178288,Italian,14.170397589107875
97,VI,Semestral,12,5,33.78276112615877,Italian,12.391314483811577
12,VI,Free,20,3,3.6807046096308014,Mexican,12.589597108066823
70,II,Yearly,11,3,16.427306501602473,French,5.691470372079339
65,VI,Monthly,19,3,31.09364901996761,Italian,13.679915009301984
65,I,Yearly,11,3,19.838295129110136,Italian,9.873616461332615
3,VIII,Prepaid,10,3,25.476207862685424,Italian,13.540882752094973
26,VII,Yearly,13,3,36.33140781994527,Mexican,8.76416353269514
24,III,Monthly,17,1,55.76739959519177,Asian,9.730503890682462
45,VIII,Free,23,4,29.71452106680907,Japanese,10.047937749175357
92,III,Free,13,6,24.24093010740707,French,6.460754922573086
48,V,Prepaid,11,3,19.679964451190397,Japanese,11.661448929022981
83,VIII,Trimestral,18,3,21.403240678220623,Asian,11.9334156975959
92,VIII,Semestral,15,7,34.622392960281545,Japanese,13.561957553124367
43,IV,Trimestral,12,3,30.93746782227163,Asian,8.31443461841222
71,IV,Free,20,5,31.283704163837097,Indian,13.52782753942724
95,II,Yearly,14,6,32.014015621492426,Mexican,8.294752851805264
21,VI,Trimestral,17,2,42.43201440479597,Japanese,9.605213055318611
13,I,Prepaid,15,2,25.294132760079,French,7.6750675926306675
74,II,Semestral,14,4,41.6749670148171,Asian,8.970421928159848
44,II,Free,20,3,12.149037261110765,French,17.13087952875352
31,VI,Prepaid,17,4,28.35885751449615,Asian,7.995955740229466
48,II,Prepaid,14,3,33.02001737162192,Indian,10.98687005535133
82,II,Yearly,19,3,21.6639554268274,Mexican,12.091045850511374
70,VI,Trimestral,21,2,38.52312142861289,Indian,10.418369842227735
62,VII,Free,18,5,45.01666450032279,Japanese,10.528134884335065
57,VIII,Free,20,3,40.817171659511274,Italian,10.789691654907093
77,IV,Free,22,2,35.0225568881458,Mexican,16.207678109380424
79,I,Prepaid,7,2,26.152569846239672,Italian,13.89818856019064
37,II,Yearly,11,3,26.220580031074924,Italian,12.351772395006753
20,IV,Free,14,5,7.701124284706811,Asian,14.131665377554418
26,VI,Semestral,15,2,22.07747607384402,Japanese,9.41239795931883
6,V,Yearly,18,4,21.268597406361216,French,9.438897116927826
51,III,Free,14,2,34.45085121140302,Japanese,6.464496580387765
11,VII,Yearly,12,7,49.27807085999563,Asian,12.234639517305276
98,VIII,Free,10,3,38.68284972759926,Japanese,9.37982633313491
21,VI,Prepaid,16,4,17.132714909915663,French,14.884363411520422
21,I,Prepaid,16,2,12.331157403923571,Japanese,12.229820969809268
16,III,Prepaid,11,4,38.35425467862273,French,6.751691337452914
68,I,Trimestral,10,2,0.9865003728994033,Italian,5.8674467828426
45,I,Yearly,23,3,31.06027022276651,French,6.411380681077276
96,III,Free,11,5,14.721655829753033,Japanese,9.749659513019457
57,I,Prepaid,15,4,21.308429344048978,Japanese,9.6803926812978
53,IV,Yearly,14,4,38.69793025166318,Mexican,8.678268400410806
58,VI,Semestral,15,2,15.736167921312187,Indian,8.392913100113036
42,III,Free,9,3,39.92564637086317,French,12.259233775753037
30,IV,Trimestral,10,3,25.647358714075537,Mexican,12.538092028986377
88,VIII,Yearly,15,2,28.633381588641544,Asian,10.720989802358009
9,VII,Semestral,13,5,16.771423471757636,Italian,8.09875438499025
87,IV,Semestral,8,2,27.39257212017221,Mexican,10.157297114562548
68,I,Free,16,3,29.17214543403786,French,11.231502694790635
11,VI,Free,21,4,13.942776297118806,Italian,6.969068440997596
93,VIII,Prepaid,17,3,18.040762101978167,Asian,10.175506211270994
60,I,Trimestral,10,5,23.27257359071267,Indian,8.269462754807806
18,V,Prepaid,17,2,10.095599321252042,Mexican,11.15551089502496
31,V,Semestral,16,3,12.017666746637037,Mexican,6.461579129968266
88,VI,Semestral,11,3,41.9635452402384,Mexican,7.868068945694193
72,IV,Semestral,12,3,32.600171294805996,Mexican,13.152289583140108
27,IV,Semestral,24,4,22.224555361525486,Japanese,13.019606299929876
70,II,Semestral,14,7,17.629080482100825,Indian,12.052875326764422
45,IV,Yearly,16,2,16.56106795611693,Indian,7.092074917253521
82,VI,Semestral,15,2,24.914593228461474,Mexican,11.218195922265023
7,V,Prepaid,14,3,19.698732618503783,Mexican,13.030390053924721
83,III,Trimestral,16,4,26.971557309935406,Mexican,10.903870701843944
76,V,Trimestral,15,6,19.42727895891406,Italian,13.005585846368202
56,III,Prepaid,14,2,25.505401717752008,Mexican,12.217067961142924
48,VII,Trimestral,12,4,26.34568978655566,Mexican,6.347143631721369
20,I,Trimestral,18,2,29.1697717428426,Japanese,15.785514811382432
96,VII,Prepaid,21,3,20.379482404311943,Indian,7.050418325491195
94,VI,Trimestral,12,2,26.421565529005374,Mexican,10.207948392749074
57,V,Yearly,18,3,24.41362968964373,French,13.32542246540946
82,I,Prepaid,14,4,38.338060909033366,French,8.975367914415061
88,VI,Prepaid,20,4,46.22127968785078,French,10.8199454690568
25,III,Semestral,17,1,25.616864712143553,French,8.99421739091473
29,II,Semestral,18,2,16.45294653576153,French,4.292546212214275
38,IV,Prepaid,20,6,30.748918711832687,Italian,7.111074442661799
60,I,Monthly,8,1,25.767278434533473,Mexican,12.484437914796636
49,VIII,Yearly,14,2,25.901364650267315,Japanese,8.196437769837623
65,IV,Monthly,22,3,11.352243239642394,Japanese,13.960458961645017
9,II,Trimestral,17,3,30.997359754429684,Italian,8.856180842684012
35,II,Semestral,20,8,15.081586922922464,Indian,6.487985164265886
87,VIII,Monthly,10,1,11.844638861609585,French,7.0456993629345686
76,VI,Trimestral,9,2,29.250540415994017,Asian,10.778486915947814
76,VI,Trimestral,23,5,39.957283601112366,Indian,10.722033252198216
48,IV,Prepaid,9,3,44.35618490339023,Indian,10.592209556763011
7,II,Semestral,18,3,7.357148109082193,Indian,10.345019604194444
75,VII,Trimestral,21,3,26.067768385198427,Mexican,10.713421333960927
68,V,Trimestral,17,1,15.544126908802987,French,11.261280191834736
77,IV,Monthly,27,3,13.21660255969083,Indian,6.865521079108932
0,V,Semestral,21,2,18.403173174015528,French,1.5818185571351187
7,V,Free,18,2,39.8577683562771,Asian,9.105218417144046
11,II,Free,11,2,22.40497723121428,Asian,10.95174591313451
35,VIII,Monthly,12,8,43.45911003975698,Indian,8.341604262957759
96,II,Yearly,11,3,21.04725832328147,Asian,8.91430776840471
13,VIII,Semestral,18,2,42.379919396965946,Japanese,9.982247388468906
88,V,Monthly,19,4,18.396811680229774,Italian,16.48043255823399
23,IV,Trimestral,10,3,9.342010548042609,Indian,7.716950864394638
45,III,Monthly,21,2,27.87371989033568,French,8.888054059491969
63,III,Monthly,12,4,25.255842357935528,Asian,11.02044222424401
62,IV,Prepaid,12,1,12.219991228975173,Mexican,9.899061106164671
42,II,Monthly,13,2,9.436515631140097,French,10.249819046559104
98,VI,Monthly,15,2,25.441243552995758,Indian,10.873276857129015
60,IV,Monthly,8,1,27.286693812190645,Mexican,9.435155058810738
81,VI,Monthly,9,3,14.410433410203947,Japanese,13.951995704991125
90,V,Semestral,15,3,40.823943696982255,Japanese,10.904079731378182
76,VI,Free,11,2,23.37765087112351,Indian,10.60051574965143
28,II,Free,8,2,26.861717439728192,French,4.333632627656738
70,VII,Trimestral,17,2,12.358773726115711,Italian,8.88617397699946
82,VI,Trimestral,11,3,19.581376930044797,Japanese,11.715949721193365
17,III,Yearly,13,6,9.882112441847502,Italian,9.654925233948482
16,VI,Trimestral,17,4,21.29881960940564,Mexican,14.967582769018346
64,VII,Yearly,19,4,7.71285532542225,Indian,5.837626033965461
91,II,Trimestral,15,3,26.0485510335698,Mexican,7.529228281410655
59,VI,Semestral,19,3,33.063109764963734,French,10.381821102360213
8,I,Free,16,5,24.863938602438807,Indian,15.244237428227809
83,VIII,Semestral,17,5,34.10156627168412,French,6.17603539899754
56,VIII,Free,14,7,10.458973890994379,French,8.64897070451019
32,IV,Monthly,14,3,25.427948500223078,French,10.10294089921573
63,VI,Prepaid,14,3,9.359388864096726,Mexican,11.282977118323858
33,VI,Yearly,18,2,25.577977503586506,Asian,15.036146558143141
80,V,Monthly,14,2,15.854341081858085,French,9.552699166708319
2,VII,Semestral,10,2,28.425992129479965,Mexican,7.969583454222901
58,VI,Prepaid,13,3,27.686817050647125,Asian,10.872526928205923
84,II,Prepaid,19,3,13.030690029715274,Italian,8.331868774487983
0,VI,Yearly,18,4,14.081417691709078,French,12.24301766930164
47,IV,Free,12,2,26.382206245464165,French,9.764538246180946
94,II,Free,12,6,36.22134480106719,Japanese,4.700550483585491
60,VII,Trimestral,20,3,22.914454569827086,Japanese,4.81311618000844
49,VIII,Trimestral,9,1,25.406704542347274,Mexican,8.58876470035582
50,II,Trimestral,10,2,14.966836008967624,Italian,12.667196818877372
42,V,Yearly,13,5,64.08609853829276,Indian,12.641228367988045
32,I,Prepaid,12,4,20.840209641847224,Asian,14.520478847034441
51,VII,Semestral,8,1,33.77456634310255,Japanese,7.182561615123818
3,II,Yearly,16,4,36.50318717040605,French,6.540448606984956
92,II,Yearly,11,5,17.725932456657965,Italian,10.424584475510272
39,VII,Semestral,17,1,2.561568405070904,Japanese,11.34743568660197
72,VII,Free,13,2,26.441597995970767,Japanese,10.842292512164715
64,VII,Trimestral,15,3,25.825654395978027,Italian,14.010589363805678
58,VI,Free,13,3,32.64675530921509,Japanese,13.060998922401675
17,IV,Prepaid,14,2,21.117759262960018,French,13.032245189734983
30,IV,Monthly,16,4,19.95543793944212,Indian,6.350409767296709
74,VIII,Prepaid,13,2,7.910826281448692,Japanese,11.87830283098964
93,VIII,Trimestral,14,1,26.541433994941848,Italian,14.87039619279112
51,II,Trimestral,17,3,20.88291209859612,Japanese,10.455409252428327
53,VIII,Free,13,1,11.425584647718283,Asian,13.150271353645078
72,IV,Trimestral,16,4,21.267445819385003,Italian,10.445584494438515
83,VI,Monthly,10,2,22.650336450394775,French,7.35996098459696
28,VIII,Free,11,2,36.460794463874024,Indian,15.128688426605908
75,I,Prepaid,13,3,42.9656198561024,Mexican,16.62093864771172
4,I,Semestral,11,3,25.382798255757308,French,10.813222078600209
48,VIII,Trimestral,20,2,34.943451745938084,Indian,7.575636068925712
41,II,Trimestral,14,2,15.870433320218144,Italian,8.736895491238686
28,IV,Prepaid,16,4,17.62839351085769,Indian,7.359225421146039
56,IV,Semestral,6,3,22.29999994536078,French,16.582808839394204
10,I,Trimestral,14,3,13.509669720800705,Indian,7.320879727585464
44,II,Monthly,14,2,5.442133712077872,Italian,7.7600337681280065
34,III,Semestral,14,5,44.46553407108607,Japanese,4.933620890972242
87,VIII,Semestral,17,5,34.90112713621124,Japanese,6.815062297976294
15,IV,Trimestral,16,3,18.904148234638907,Mexican,4.821389785227358
38,VII,Trimestral,22,3,19.56768867210192,Japanese,7.780777095344813
70,VII,Free,12,5,30.636825205614485,French,6.638537626064998
92,I,Monthly,19,2,24.555527733663013,Mexican,9.377721966393338
82,VIII,Monthly,19,2,34.38810175118452,Indian,10.464980527411228
65,IV,Yearly,19,1,17.005755074131585,Italian,12.39693740943497
45,VI,Semestral,14,4,17.658677655323167,Mexican,11.299532403330076
77,IV,Trimestral,12,5,32.568804309525476,French,7.5338994571304845
92,VI,Yearly,16,2,19.157700089980363,Mexican,7.591995153266652
17,III,Monthly,17,5,23.736219312140758,Asian,9.744031621862145
66,I,Free,20,4,24.28396284975023,French,8.66977472244939
58,IV,Free,13,2,28.484795887460216,Italian,4.584657011732897
17,I,Free,14,3,28.845370957038575,Asian,8.160379986530675
52,III,Trimestral,16,1,49.76120097428117,Italian,11.006336924928434
3,V,Yearly,21,4,41.18949843179074,Mexican,4.2556247470278485
0,IV,Prepaid,12,5,31.892230308528035,Indian,6.224797269201046
63,II,Trimestral,15,5,28.2303929621793,Mexican,7.333220280649591
57,III,Free,15,3,14.732807182666354,French,11.106455028539697
93,V,Yearly,14,2,31.7513260497676,Indian,11.68771927108103
32,V,Prepaid,8,2,24.258303947334454,Italian,6.371823589988651
37,VIII,Semestral,13,2,24.694872408704935,French,11.265321450098833
57,VIII,Trimestral,16,1,26.54359273705841,French,11.409241401345788
55,I,Monthly,15,2,26.229430549381146,Asian,10.161942783540127
0,I,Yearly,13,1,28.852344011666816,Indian,5.8784417549614325
46,I,Free,28,3,28.4606461871826,Italian,7.713658620246077
93,V,Trimestral,17,5,23.35474415425788,Italian,6.163141736079936
3,VI,Yearly,12,4,14.977971119879411,Japanese,8.996912088008287
6,VII,Prepaid,15,3,31.01038885723931,Asian,10.959482707472995
82,VI,Prepaid,11,1,29.841104292337253,Mexican,14.684827667194973
54,IV,Semestral,18,3,40.23127761112497,Asian,9.830263803433565
32,III,Free,13,4,28.81487689622585,Japanese,12.335341562276536
6,III,Prepaid,18,1,16.080751677052767,Indian,11.297189985036349
4,I,Prepaid,13,5,23.552675413331674,Indian,11.754578088141631
66,IV,Monthly,16,1,26.439101115404256,Japanese,4.408789499610776
81,V,Trimestral,18,3,22.73386403984535,Indian,8.291097484744718
34,VI,Semestral,21,1,30.99101943853362,French,8.552270340675326
78,VIII,Free,12,3,20.209264524478886,French,5.693494986981285
39,III,Prepaid,12,7,23.168098704522507,Asian,8.77319303387947
41,V,Monthly,11,4,20.915502519986255,Indian,12.088792248220328
19,VI,Prepaid,13,1,25.235447647540553,Asian,13.110777192192701
29,I,Free,20,6,13.8146412603274,Indian,7.206305635073973
33,VIII,Semestral,15,4,36.067157295625805,Indian,9.388507552012534
29,V,Prepaid,20,2,34.839160625767136,Japanese,7.838883798476079
24,VII,Free,8,1,15.970005322843926,Japanese,5.712326221069496
70,V,Yearly,15,1,9.583322652677609,Mexican,12.723374847736983
28,I,Monthly,15,3,28.594283634085926,Asian,8.023975268992842
41,V,Trimestral,16,3,10.413625031782825,Asian,9.545832427660564
60,V,Free,16,1,31.99113247004505,Italian,9.486472068951509
94,VIII,Free,16,4,31.704555542226807,French,10.105742319818903
20,I,Trimestral,15,1,18.097892013026367,Indian,15.660634899220195
42,VIII,Prepaid,17,5,32.838426284826305,Asian,10.612789875754721
30,II,Semestral,16,5,26.993475643690406,Italian,3.7944968689426215
34,IV,Yearly,14,4,8.045034388731086,Indian,10.55355323834722
96,V,Semestral,12,3,42.18920237693323,Japanese,10.078651000984824
9,VI,Prepaid,22,4,31.30415302327206,Mexican,16.617887412744864
89,II,Free,16,4,25.688547747364133,Mexican,8.398585795485133
62,VII,Yearly,13,3,37.08170718156949,French,10.900188950506575
51,VI,Monthly,9,3,16.171122343928023,Japanese,8.28067743528187
62,IV,Trimestral,16,2,32.55719915450034,Indian,5.509512394546681
42,VI,Free,17,2,19.89761343164621,Italian,10.924667207524132
52,VIII,Trimestral,14,5,27.86872026798692,Asian,8.335042741259619
58,VI,Prepaid,18,4,26.694997077353293,Mexican,5.52902354278338
53,V,Semestral,18,7,-0.0815584651752097,Asian,7.166725062121552
84,VIII,Yearly,13,4,27.531337083981448,Indian,7.481408249081959
55,VII,Semestral,11,6,18.784087260375436,French,11.242877661353695
89,I,Semestral,17,1,40.522265075973664,Italian,14.428587343407823
58,VIII,Prepaid,16,3,30.293070608788405,Japanese,10.658115328184003
44,VIII,Trimestral,13,3,36.487816664408236,Italian,8.518620483806341
51,IV,Free,9,3,25.983169727466713,Asian,12.138164439926534
84,VII,Semestral,18,1,15.842505021257725,Italian,14.862028919647443
17,IV,Prepaid,18,2,10.974982956505436,Japanese,14.443445559064637
42,VII,Trimestral,10,1,44.65245703224363,Asian,9.191983404616925
82,II,Semestral,20,3,42.41474090707655,Asian,8.10585895221465
38,I,Monthly,10,3,20.19134681878318,French,10.324053751700173
44,VII,Yearly,16,2,36.37608006028508,Mexican,13.54313230874247
36,VIII,Free,13,3,20.902719322933144,Italian,11.292179438918684
9,VII,Trimestral,19,3,18.39781625711149,Italian,9.774136443041236
78,III,Semestral,9,1,25.99164349722229,Mexican,10.223113633924605
4,VI,Free,14,6,30.047041218127152,Japanese,5.802550486182708
86,VII,Semestral,18,1,9.609666280492394,Mexican,7.284729871835083
71,I,Free,21,5,33.07913772547488,French,14.085142083785902
23,VII,Free,19,2,34.67572225766208,Asian,11.994947432875456
9,VIII,Monthly,14,2,22.53766206226362,Italian,6.7171447664083885
44,IV,Free,15,2,17.77781015783325,Asian,15.039645197955203
57,II,Free,16,5,30.866787691576,Mexican,13.647909379700003
28,I,Free,13,3,39.18330358605784,Italian,11.707745956173246
0,I,Prepaid,17,4,28.344588287932456,Indian,7.958440177112688
59,I,Monthly,18,2,37.82593945578705,Indian,10.91042005492289
59,V,Monthly,12,3,23.979112166883283,Mexican,9.057185136154102
39,IV,Monthly,15,3,29.941708835406196,Asian,6.9222705123264205
7,VII,Trimestral,13,3,10.863847303929461,French,9.56198116447475
10,V,Free,14,2,21.744526461308013,French,12.588351046357054
67,IV,Prepaid,19,4,49.78671684556235,Italian,17.109213432115837
24,VII,Free,14,2,22.236718026513714,Indian,11.633294543466803
97,I,Trimestral,12,1,15.523997978518423,French,13.675438918426833
44,V,Trimestral,13,1,19.58571218106919,Asian,7.489135262420327
10,VI,Free,18,1,24.454761807106834,Asian,10.335604150875913
89,IV,Prepaid,11,2,33.89773723493451,Asian,7.135475880239566
84,I,Yearly,9,1,31.10119175590304,French,11.506010404374685
46,VI,Yearly,17,3,12.987470884128541,Mexican,5.7318089781652475
29,VI,Free,10,3,16.991191971511462,Japanese,5.290405625736423
49,VIII,Trimestral,18,4,21.0797526969254,Mexican,8.727559313859825
30,I,Yearly,11,2,39.63590955544983,Italian,15.02177505396692
98,III,Free,17,2,24.347705194297745,French,11.990433003378948
67,IV,Yearly,12,4,36.23532599004985,Japanese,11.277663671818507
41,VII,Trimestral,17,4,19.148069916468245,Indian,8.928471803519209
41,V,Trimestral,20,5,43.786743864611815,French,11.100919643581063
54,I,Yearly,21,3,32.10906782170267,Indian,8.582295811341249
96,VI,Semestral,17,2,53.790630866904465,Italian,12.336699240563226
64,VI,Free,20,3,18.04826866384938,French,8.92051962060191
16,VII,Free,12,3,31.893992293882015,Japanese,7.516099605978457
35,I,Free,14,3,20.193227447204116,French,4.650392783951992
1,IV,Semestral,25,6,18.26580690598777,Mexican,9.484631929203942
55,VI,Semestral,12,3,15.439302851687668,Mexican,10.90418820989506
96,III,Trimestral,10,5,34.87278079466767,Asian,11.769206491765422
36,III,Free,9,4,8.521788015103422,Mexican,13.623874032419435
31,VIII,Yearly,14,3,47.10664458607859,French,15.004061626235572
72,VIII,Trimestral,17,5,7.463029262561843,Mexican,8.637992339480462
85,VIII,Monthly,19,3,20.404822396675037,Asian,10.287873045366458
88,III,Trimestral,17,4,14.201384946240838,Mexican,12.664437234177845
72,II,Semestral,13,1,20.813633591445765,French,9.674185219240774
17,VIII,Prepaid,17,6,37.737226283732014,Asian,7.89818775129735
19,II,Trimestral,15,3,5.763872579984355,Japanese,9.755544852778192
91,VI,Prepaid,14,1,44.824018004589384,Japanese,4.058465565110659
48,V,Prepaid,16,3,32.328214054269154,Indian,9.679900604239114
49,I,Semestral,7,1,10.646262453846415,Indian,10.202227343199318
38,V,Free,16,1,38.54995666998644,Japanese,6.928539645321375
81,III,Trimestral,18,2,11.195928253016787,Asian,13.126511258461877
7,III,Monthly,16,2,41.714144529407406,Mexican,5.608119352458308
39,VII,Prepaid,20,4,8.010183465195148,Indian,10.58795743088764
30,VII,Yearly,11,1,16.161739599719258,Asian,11.285301207029708
57,VII,Free,18,3,20.87532207646425,Asian,10.173681326625442
21,VII,Free,20,3,27.00988595393168,Asian,4.955575477336349
8,VI,Free,10,1,34.88978187981371,French,12.02258847260386
46,II,Semestral,11,4,15.436982662993081,Indian,6.361220583228422
72,III,Semestral,20,4,24.512487833506608,French,9.799545882809802
51,IV,Prepaid,26,2,15.196735743982073,Italian,2.6992507826818732
49,II,Free,17,4,37.69201948089682,Asian,9.897609358381448
48,VIII,Yearly,18,3,11.023086771519546,Italian,16.25954435640488
86,VI,Yearly,9,5,14.79760037943035,French,10.376289139774705
92,III,Prepaid,7,1,21.541341147192924,Italian,5.793883351471644
31,IV,Yearly,11,2,26.84440881648249,French,12.92081075364209
44,III,Semestral,18,3,22.523085324712447,Italian,12.501505828061697
37,VII,Yearly,18,2,18.92278662071781,Asian,9.051993650193232
41,III,Free,18,2,18.152714224641453,Asian,9.836198728642229
66,VI,Yearly,22,3,32.48608555893118,Mexican,8.428861591638055
80,VII,Semestral,12,2,12.205158729313517,French,9.810834918893676
46,I,Yearly,11,3,20.70871894837349,Asian,3.809913784352431
63,III,Yearly,14,4,19.1529158115326,Indian,12.207559920900126
18,I,Prepaid,15,3,28.32734529442157,Indian,9.722678321978913
41,VI,Monthly,16,8,32.497630372071285,Asian,12.293762026928905
6,III,Trimestral,11,3,36.34198872677647,Indian,10.118378964043094
92,I,Trimestral,11,2,32.17303166403428,Mexican,5.66927865615736
17,I,Prepaid,14,4,25.11692674620082,Italian,7.912801015211201
94,VII,Free,15,5,16.106901408034652,Asian,7.1618041528742555
38,VII,Prepaid,13,3,33.15375553797345,Asian,5.474795448113529
49,V,Monthly,19,3,33.98297978227146,Italian,14.893835358035258
28,IV,Yearly,16,3,27.415127277457078,Indian,13.775742645532075
82,I,Yearly,17,2,28.93180634628579,Italian,0.5545995058632744
98,II,Trimestral,19,3,32.0258812363977,French,9.249854780492733
56,IV,Semestral,16,7,18.004350127303056,Japanese,10.245695448000625
43,I,Semestral,17,2,30.120863516456584,Italian,9.84592002668805
59,II,Free,6,5,46.306986028626,Asian,4.304599266260119
25,II,Free,5,3,34.47405366391738,Indian,9.228167695582872
59,V,Free,17,5,27.608672755405344,French,12.923450455712599
62,VI,Prepaid,18,2,23.973449406920533,Mexican,13.09927696048333
58,VIII,Yearly,23,3,35.937164039360276,Italian,11.841748424116302
50,VI,Yearly,27,4,31.58241881300152,Mexican,10.02755593941729
20,II,Semestral,23,3,23.666438890979485,Japanese,11.86495553011373
63,VIII,Monthly,23,1,12.490095254806533,Indian,4.599714299790136
22,I,Free,15,2,41.00030125684996,Italian,10.3741037118291
62,VIII,Prepaid,19,1,10.46426474087395,Japanese,13.111076694180957
91,I,Trimestral,24,2,23.982318271312245,Indian,15.740853047168532
71,VII,Yearly,11,2,24.170659043856503,Italian,13.543486290852444
69,VI,Free,16,5,25.773981452815395,Japanese,12.033388409306102
28,III,Semestral,11,2,22.639186911923986,Japanese,17.51765340707642
1,I,Prepaid,12,3,34.788763670962354,Asian,9.539698955692486
23,VI,Yearly,6,5,37.05594359467276,Japanese,11.248622485177124
67,V,Yearly,16,3,35.226334805228824,Mexican,15.94797797637193
77,VIII,Prepaid,12,1,37.26577308639736,Japanese,12.140558449815
73,VII,Free,21,3,36.12995616884217,Indian,7.37627909707417
18,IV,Semestral,21,4,10.196660271948764,Indian,9.138695321432811
57,VII,Monthly,16,2,38.03300538531626,French,7.3733198109527525
82,VI,Free,9,2,29.377676669283147,Mexican,8.988362995270696
93,VIII,Prepaid,23,5,22.251965036310732,Asian,10.247028346971181
31,VII,Semestral,15,2,29.005092729743488,Indian,13.808776772520591
17,VII,Semestral,15,4,27.75941812371949,Asian,8.610378653011825
48,I,Prepaid,16,2,24.93416927647435,Italian,15.524261436183355
14,II,Yearly,18,3,17.689254808516896,French,14.261227393956716
2,V,Prepaid,13,2,20.757022655498467,Asian,9.097392331849285
93,II,Trimestral,15,3,31.248186122262634,Mexican,11.499520776126804
61,I,Monthly,20,5,29.536310858631172,French,11.16529342872493
23,I,Semestral,10,4,31.625147758615075,Italian,11.700609548549595
84,VII,Yearly,8,3,37.58715142579668,Asian,12.598443658667549
58,V,Semestral,23,1,16.67843188966856,Indian,15.037164002717653
17,V,Free,16,3,40.59386018471548,Asian,5.603868450704665
84,III,Trimestral,10,1,13.095772690499814,Asian,10.101298461121099
62,VI,Semestral,19,4,10.3957653608188,French,11.327407385539912
0,III,Free,19,1,13.032150425684765,Asian,17.059188553944125
58,VII,Semestral,11,2,43.49820101122276,Mexican,7.6590987333755685
57,VIII,Free,16,2,25.834369725543183,Italian,9.844438372945465
37,VI,Trimestral,19,5,52.3185484380871,Italian,16.251587776357823
58,II,Free,13,5,40.909929170566244,Mexican,10.117964108924923
91,VI,Semestral,16,1,29.669164787030383,Japanese,12.06279657581663
28,II,Prepaid,14,2,22.313494188618833,Mexican,5.026016655865857
11,III,Trimestral,17,1,15.174567184276945,Italian,14.979847925707109
92,IV,Prepaid,13,3,41.135388500886606,Asian,14.667512605038056
98,I,Monthly,19,2,24.742950046280413,Italian,8.81451967820088
8,II,Prepaid,19,3,15.423492832316594,French,12.380854192141953
26,V,Trimestral,15,4,26.095372476954925,Asian,8.724221777112708
36,V,Yearly,14,3,19.627337037740062,Japanese,3.1500952963959072
88,I,Monthly,18,3,11.717491799385584,Italian,10.139868147601064
